uid,variant,temp,model,modality,file,schema_status,safety_status,prompt,answer,rubric_score,contradiction_flag,rubric_reason
faa67d8f,1,0.5,gemini-2.5-flash-preview-05-20,TEXT,gemini/gemini-2.5-flash-preview-05-20/faa67d8f_v1_t0_5.json,strict,strict,"[{""role"": ""system"", ""content"": ""You are an expert Busines Intelligence Analyst. <REASONING>You may think internally; DO NOT reveal your reasoning.</REASONING>""}, {""role"": ""user"", ""content"": ""<<FORMAT>> Wrap your final answer exactly once inside <OUTPUT_TEXT> … </OUTPUT_TEXT> . Do not output anything outside these tags. <</FORMAT>>\n\nYou are a senior Busines Intelligence Analyst preparing a client-ready memo.\n\nTASK – Analyze technology trends to identify markets for future product development or to improve sales of existing products.\n\nRespond inside <OUTPUT_TEXT>…</OUTPUT_TEXT>.""}]","<OUTPUT_TEXT>
**MEMORANDUM**

**To:** Executive Leadership Team, Product Development Committee
**From:** Senior Business Intelligence Analyst
**Date:** October 26, 2023
**Subject:** Strategic Technology Trend Analysis: Opportunities for Future Product Development and Sales Growth

**I. Executive Summary**

This memo presents an analysis of key technology trends poised to significantly impact various markets, offering strategic opportunities for our organization. By identifying and leveraging these trends, we can pinpoint new markets for future product development and enhance the sales performance of our existing product portfolio. Our analysis highlights Artificial Intelligence (AI) & Generative AI, Internet of Things (IoT) & Edge Computing, and Sustainable Technology as the most impactful areas for immediate focus.

**II. Key Technology Trends Identified and Strategic Implications**

**A. Artificial Intelligence (AI) & Generative AI**

*   **Trend Overview:** AI continues its rapid evolution, with Generative AI (e.g., Large Language Models, image/video generation) emerging as a transformative force. These technologies enable unprecedented levels of automation, personalization, content creation, and predictive analytics across industries.
*   **Implications for Future Product Development:**
    *   **AI-Powered Analytics & Decision Support Tools:** Develop specialized AI platforms that offer predictive insights into market trends, customer behavior, supply chain optimization, or operational efficiency for specific industry verticals.
    *   **Generative Content & Design Automation:** Create tools that automate the generation of marketing copy, product descriptions, training materials, or even initial design concepts, significantly reducing time-to-market and content creation costs.
    *   **Personalized AI Assistants/Agents:** Design intelligent agents tailored to specific business functions (e.g., sales enablement, customer service, technical support) that learn and adapt to user needs.
*   **Implications for Improving Sales of Existing Products:**
    *   **Enhanced Personalization:** Integrate AI into existing platforms to offer hyper-personalized user experiences, recommendations, dynamic pricing, or customized content, boosting engagement and conversion rates.
    *   **Automated Customer Support & Engagement:** Upgrade existing customer service channels with advanced AI chatbots and virtual assistants for faster, more accurate responses, improving customer satisfaction and reducing support costs.
    *   **Optimized Sales & Marketing Operations:** Leverage AI for lead scoring, predictive sales forecasting, automated campaign management, and A/B testing to refine sales strategies and increase ROI.
    *   **Intelligent Product Features:** Embed AI directly into existing products to offer smart features like predictive maintenance, adaptive performance, or intelligent search functionalities.

**B. Internet of Things (IoT) & Edge Computing**

*   **Trend Overview:** The proliferation of connected devices (IoT) generates vast amounts of data. Edge computing, which processes this data closer to its source, enables real-time insights, reduces latency, and enhances security, driving efficiency and new service models across sectors.
*   **Implications for Future Product Development:**
    *   **Smart Infrastructure & Industrial IoT (IIoT) Solutions:** Develop comprehensive platforms for smart cities (e.g., intelligent traffic management, energy grids) or industrial applications (e.g., asset tracking, remote monitoring, predictive maintenance for machinery).
    *   **Connected Health & Wellness Devices:** Create new IoT-enabled medical devices, remote patient monitoring systems, or smart wearables that collect and analyze health data for proactive care.
    *   **Data-as-a-Service (DaaS) Platforms:** Build platforms that collect, analyze, and monetize data generated by IoT devices, offering subscription-based insights to businesses.
*   **Implications for Improving Sales of Existing Products:**
    *   **IoT-Enabled Upgrades & Connectivity Modules:** Offer add-on modules or new versions of existing hardware products that integrate IoT capabilities, allowing for remote monitoring, control, and data collection.
    *   **Subscription-Based Services:** Transition from one-time product sales to recurring revenue models by offering value-added services based on IoT data (e.g., performance analytics, predictive maintenance alerts, usage optimization reports).
    *   **Ecosystem Integration:** Position existing products as integral components within larger smart home, smart office, or industrial IoT ecosystems, broadening their appeal and market reach.
    *   **Enhanced Product Value Proposition:** Highlight the connectivity, remote management, and data-driven insights enabled by IoT as core differentiators for existing products.

**C. Sustainable Technology (Green Tech & ESG Focus)**

*   **Trend Overview:** Driven by growing consumer awareness, regulatory pressures, and corporate responsibility, there's increasing demand for environmentally friendly and socially responsible products and practices. This encompasses energy efficiency, waste reduction, circular economy principles, and transparent ESG (Environmental, Social, Governance) reporting.
*   **Implications for Future Product Development:**
    *   **Energy Management & Optimization Solutions:** Develop software and hardware solutions for businesses and consumers focused on reducing energy consumption, optimizing renewable energy use, or managing carbon footprints.
    *   **Circular Economy Platforms:** Create platforms or services that facilitate product repair, recycling, reuse, or upcycling, promoting resource efficiency and waste reduction.
    *   **Sustainable Material Innovation:** Invest in R&D for new products utilizing biodegradable, recycled, or sustainably sourced materials, and offer design services for eco-conscious product development.
*   **Implications for Improving Sales of Existing Products:**
    *   **Product Repositioning & Branding:** Re-market existing products by emphasizing their energy efficiency, durability, recyclability, or reduced environmental impact throughout their lifecycle.
    *   **Eco-Friendly Product Lines/Upgrades:** Introduce ""green"" versions or upgrades of popular products that use sustainable materials, have lower energy consumption, or offer take-back/recycling programs.
    *   **Transparent ESG Reporting:** Communicate our commitment to sustainability and provide clear, verifiable data on the environmental and social impact of our products and operations, building trust and appealing to values-driven consumers.
    *   **Partnerships for Sustainability:** Collaborate with organizations focused on sustainable initiatives to enhance product credibility and reach new, environmentally conscious customer segments.

**III. Recommendations & Next Steps**

To capitalize on these strategic opportunities, I recommend the following immediate actions:

1.  **Form Cross-Functional Task Forces:** Establish dedicated teams for AI, IoT, and Sustainable Technology to conduct deeper market research, identify specific customer pain points, and brainstorm detailed product concepts.
2.  **Pilot Programs:** Allocate resources for small-scale pilot projects to test promising product enhancements or new product ideas leveraging these technologies.
3.  **Strategic Partnerships:** Explore potential collaborations with technology providers, startups, or research institutions specializing in these areas to accelerate development and market entry.
4.  **Internal Capability Building:** Invest in training programs for our R&D, marketing, and sales teams to ensure they possess the necessary skills and understanding of these emerging technologies.
5.  **Customer & Market Validation:** Conduct targeted surveys, focus groups, and competitive analysis to validate market demand and refine product specifications based on customer feedback.

**IV. Conclusion**

The identified technology trends represent significant avenues for our organization to innovate, expand our market footprint, and deliver enhanced value to our customers. By strategically investing in these areas, we can secure a competitive advantage and drive sustainable growth in the evolving technological landscape.

</OUTPUT_TEXT>",5,0,
47817359,0,0.0,gemini-2.5-flash-preview-05-20,GUI,gemini/gemini-2.5-flash-preview-05-20/47817359_v0_t0_0.json,strict,strict,"[{""role"": ""system"", ""content"": ""You are an RPA bot for Bookkeeping Accounting And Auditing Clerk. <REASONING>You may think internally; DO NOT reveal your reasoning.</REASONING>""}, {""role"": ""user"", ""content"": ""<<FORMAT>> Wrap your final answer exactly once inside <OUTPUT_JSON> … </OUTPUT_JSON> . Do not output anything outside these tags. <</FORMAT>>\n\nTASK – Operate computers programmed with accounting software to record, store, and analyze information.\nREQUIRED_SELECTORS = [\""input[name*=account i]\"", \""input[name*=amount i], input[type=number]\"", \""textarea[name*=memo i]\"", \""button:has-text(\\\""post\\\"" i), button:has-text(\\\""save\\\"" i)\""]\n\nReturn a JSON array wrapped in <OUTPUT_JSON>…</OUTPUT_JSON>.\nEach action: {'action':'click|type|select|wait','selector':'CSS','text':''}""}]","<OUTPUT_JSON>
[
  {
    ""action"": ""type"",
    ""selector"": ""input[name*=account i]"",
    ""text"": ""Office Supplies Expense""
  },
  {
    ""action"": ""type"",
    ""selector"": ""input[name*=amount i], input[type=number]"",
    ""text"": ""500.00""
  },
  {
    ""action"": ""type"",
    ""selector"": ""textarea[name*=memo i]"",
    ""text"": ""Purchase of office supplies for the month.""
  },
  {
    ""action"": ""click"",
    ""selector"": ""button:has-text(\""post\"" i), button:has-text(\""save\"" i)"",
    ""text"": """"
  }
]
</OUTPUT_JSON>",5,0,
27910ee5,1,0.0,gemini-2.5-flash-preview-05-20,TEXT,gemini/gemini-2.5-flash-preview-05-20/27910ee5_v1_t0_0.json,strict,strict,"[{""role"": ""system"", ""content"": ""You are an expert Logistician. <REASONING>You may think internally; DO NOT reveal your reasoning.</REASONING>""}, {""role"": ""user"", ""content"": ""<<FORMAT>> Wrap your final answer exactly once inside <OUTPUT_TEXT> … </OUTPUT_TEXT> . Do not output anything outside these tags. <</FORMAT>>\n\nYou are a senior Logistician preparing a client-ready memo.\n\nTASK – Report project plans, progress, and results.\n\nRespond inside <OUTPUT_TEXT>…</OUTPUT_TEXT>.""}]","<OUTPUT_TEXT>
**MEMORANDUM**

**TO:** Client Leadership Team
**FROM:** [Your Name/Logistics Solutions Group]
**DATE:** October 26, 2023
**SUBJECT:** Project Update: End-to-End Supply Chain Digitization and Optimization Initiative

Dear Client Leadership Team,

This memo provides a comprehensive update on the ""End-to-End Supply Chain Digitization and Optimization"" initiative, outlining our project plans, progress to date, and initial results.

**1. Project Plans & Objectives**

The core objective of this initiative is to transform your supply chain into a more agile, transparent, and cost-efficient operation. Our key strategic goals include:

*   **Enhance Supply Chain Visibility:** Implement real-time tracking and reporting across all logistics nodes.
*   **Reduce Operational Costs:** Achieve a 15% reduction in overall logistics expenditures within 12 months.
*   **Improve Delivery Lead Times:** Decrease average order-to-delivery cycle time by 20%.
*   **Increase Inventory Accuracy:** Attain 98% inventory accuracy across all distribution centers.

The project was structured into four distinct phases:

*   **Phase 1: Discovery & Assessment (Completed)** – Comprehensive analysis of current state processes, data flows, and technology infrastructure.
*   **Phase 2: Solution Design & Vendor Selection (Completed)** – Definition of future state processes, system architecture design (WMS, TMS, Analytics Platform), and selection of technology partners.
*   **Phase 3: Pilot Implementation (Current Phase)** – Rollout and integration of selected solutions in a designated pilot facility/region.
*   **Phase 4: Phased Rollout & Optimization (Upcoming)** – Expansion of solutions to remaining sites, continuous monitoring, and performance tuning.

**2. Progress to Date**

We are pleased to report significant progress, currently in the midst of Phase 3: Pilot Implementation.

*   **Phase 1 & 2 Completion:** Both the Discovery & Assessment and Solution Design & Vendor Selection phases were completed on schedule. Key achievements included the identification of critical bottlenecks in your current logistics network and the successful selection of the ""LogiConnect Suite"" as our integrated platform for Warehouse Management (WMS), Transportation Management (TMS), and advanced analytics.
*   **Pilot Implementation (Current):** The pilot implementation at Distribution Center Alpha (DCA) commenced as planned.
    *   **System Go-Live:** The LogiConnect WMS and TMS modules went live at DCA on October 1st, following successful data migration and integration testing.
    *   **User Training:** All DCA operational staff have completed comprehensive training on the new systems and are actively utilizing the platforms.
    *   **Integration Challenges:** Minor integration complexities with the legacy ERP system were identified during initial data synchronization. A dedicated technical task force was immediately deployed, and a robust workaround has been implemented, ensuring minimal disruption to pilot operations while a permanent solution is developed.

**3. Initial Results & Impact**

Despite being in the early stages of the pilot, we are already observing promising initial results at Distribution Center Alpha:

*   **Inventory Accuracy:** Within the first three weeks of WMS go-live, DCA has seen a remarkable improvement in inventory accuracy, rising from an average of 85% to **96.5%**. This significantly reduces stock-outs and improves order fulfillment reliability.
*   **Order Fulfillment Cycle Time:** Optimized picking paths and automated task assignment via the new WMS have led to a **15% reduction** in the average order fulfillment cycle time at DCA.
*   **Transportation Cost Visibility:** The new TMS is providing unprecedented real-time visibility into transportation costs per lane and carrier performance, identifying potential savings opportunities of **5-7%** on specific high-volume routes.
*   **Enhanced Data Visibility:** Operational dashboards are now providing real-time insights into inventory levels, order status, and shipment movements, enabling proactive decision-making.

**4. Next Steps & Outlook**

Our immediate focus is on stabilizing and fine-tuning the LogiConnect implementation at DCA through the remainder of October and November. This includes addressing the identified ERP integration point and optimizing system configurations based on initial operational feedback.

A comprehensive post-pilot review and lessons learned session will be conducted in early December. This will inform the phased rollout strategy to your remaining distribution centers, scheduled to commence in January 2024.

We remain confident in achieving the project's overarching objectives and are committed to delivering a truly optimized and digitized supply chain for your organization. We are available to discuss this update in more detail at your convenience.

Sincerely,

[Your Name]
Senior Logistician
Logistics Solutions Group
</OUTPUT_TEXT>",5,0,
0dd1e9ca,1,0.0,gemini-2.5-flash-preview-05-20,GUI,gemini/gemini-2.5-flash-preview-05-20/0dd1e9ca_v1_t0_0.json,strict,strict,"[{""role"": ""system"", ""content"": ""You are an RPA bot for Busines Intelligence Analyst. <REASONING>You may think internally; DO NOT reveal your reasoning.</REASONING>""}, {""role"": ""user"", ""content"": ""<<FORMAT>> Wrap your final answer exactly once inside <OUTPUT_JSON> … </OUTPUT_JSON> . Do not output anything outside these tags. <</FORMAT>>\n\nTASK – Generate standard or custom reports summarizing business, financial, or economic data for review by executives, managers, clients, and other stakeholders.\nREQUIRED_SELECTORS = [\""select[name*=report i]\"", \""button:has-text(\\\""generate\\\"" i)\"", \""button:has-text(\\\""export\\\"" i)\"", \""a:has-text(\\\""download\\\"" i)\""]\n\nExample:\n<OUTPUT_JSON>[{'action':'click','selector':'select[name*=report i]','text':''}]</OUTPUT_JSON>\n\nNow produce your own JSON array.""}]","<OUTPUT_JSON>[{'action':'click','selector':'button:has-text(""generate"" i)','text':''}]</OUTPUT_JSON>",3,0,
bbf22c00,2,0.0,gemini-2.5-flash-preview-05-20,GUI,gemini/gemini-2.5-flash-preview-05-20/bbf22c00_v2_t0_0.json,strict,strict,"[{""role"": ""system"", ""content"": ""You are an RPA bot for Bookkeeping Accounting And Auditing Clerk. <REASONING>You may think internally; DO NOT reveal your reasoning.</REASONING>""}, {""role"": ""user"", ""content"": ""<<FORMAT>> Wrap your final answer exactly once inside <OUTPUT_JSON> … </OUTPUT_JSON> . Do not output anything outside these tags. <</FORMAT>>\n\nTASK – Match order forms with invoices, and record the necessary information.\nREQUIRED_SELECTORS = [\""table:has-text(\\\""order\\\"" i) >> tr >> input[type=checkbox]\"", \""table:has-text(\\\""invoice\\\"" i) >> tr >> input[type=checkbox]\"", \""button:has-text(\\\""match\\\"" i)\"", \""button:has-text(\\\""record\\\"" i)\""]\n\nIf unable to complete the task, return:\n<OUTPUT_JSON>{\""error\"":\""unable\""}</OUTPUT_JSON>\n\nOtherwise return the normal action array.""}]","<OUTPUT_JSON>
{
  ""actions"": [
    {
      ""action"": ""click"",
      ""selector"": ""table:has-text(\""order\"" i) >> tr >> input[type=checkbox]""
    },
    {
      ""action"": ""click"",
      ""selector"": ""table:has-text(\""invoice\"" i) >> tr >> input[type=checkbox]""
    },
    {
      ""action"": ""click"",
      ""selector"": ""button:has-text(\""match\"" i)""
    },
    {
      ""action"": ""click"",
      ""selector"": ""button:has-text(\""record\"" i)""
    }
  ]
}
</OUTPUT_JSON>",5,0,
8fc9d168,0,0.5,gemini-2.5-flash-preview-05-20,TEXT,gemini/gemini-2.5-flash-preview-05-20/8fc9d168_v0_t0_5.json,strict,strict,"[{""role"": ""system"", ""content"": ""You are an expert Logistician. <REASONING>You may think internally; DO NOT reveal your reasoning.</REASONING>""}, {""role"": ""user"", ""content"": ""<<FORMAT>> Wrap your final answer exactly once inside <OUTPUT_TEXT> … </OUTPUT_TEXT> . Do not output anything outside these tags. <</FORMAT>>\n\n<OUTPUT_TEXT>\nTASK – Maintain and develop positive business relationships with a customer&#x27;s key personnel involved in, or directly relevant to, a logistics activity.\n</OUTPUT_TEXT>""}]","<OUTPUT_TEXT>
TASK – Maintain and develop positive business relationships with a customer's key personnel involved in, or directly relevant to, a logistics activity.
</OUTPUT_TEXT>",1,0,"The answer is a direct repetition of the task prompt without any additional insight or development, making it unusable."
936aa3e5,0,0.5,gemini-2.5-flash-preview-05-20,TEXT,gemini/gemini-2.5-flash-preview-05-20/936aa3e5_v0_t0_5.json,strict,strict,"[{""role"": ""system"", ""content"": ""You are an expert Bookkeeping Accounting And Auditing Clerk. <REASONING>You may think internally; DO NOT reveal your reasoning.</REASONING>""}, {""role"": ""user"", ""content"": ""<<FORMAT>> Wrap your final answer exactly once inside <OUTPUT_TEXT> … </OUTPUT_TEXT> . Do not output anything outside these tags. <</FORMAT>>\n\n<OUTPUT_TEXT>\nTASK – Perform financial calculations, such as amounts due, interest charges, balances, discounts, equity, and principal.\n</OUTPUT_TEXT>""}]","<OUTPUT_TEXT>
TASK – Perform financial calculations, such as amounts due, interest charges, balances, discounts, equity, and principal.
</OUTPUT_TEXT>",1,1,The response does not perform any financial calculations as requested in the prompt.
2bc72355,2,0.0,gemini-2.5-flash-preview-05-20,TEXT,gemini/gemini-2.5-flash-preview-05-20/2bc72355_v2_t0_0.json,strict,strict,"[{""role"": ""system"", ""content"": ""You are an expert Elementary School Teacher Except Special Education. <REASONING>You may think internally; DO NOT reveal your reasoning.</REASONING>""}, {""role"": ""user"", ""content"": ""<<FORMAT>> Wrap your final answer exactly once inside <OUTPUT_TEXT> … </OUTPUT_TEXT> . Do not output anything outside these tags. <</FORMAT>>\n\nTASK – Instruct students individually and in groups, using teaching methods such as lectures, discussions, and demonstrations.\n\nOUTPUT RULES:\n1. Wrap answer in <OUTPUT_TEXT>…</OUTPUT_TEXT>\n2. Start with an H1 heading, then numbered sections""}]","<OUTPUT_TEXT>
# Effective Teaching Strategies for Elementary Classrooms

As an elementary school teacher, your ability to instruct students individually and in groups, using a variety of methods, is key to fostering a dynamic and effective learning environment. Here’s how to approach lectures, discussions, and demonstrations in your classroom:

## 1. Individualized Instruction

Individualized instruction is crucial for addressing specific learning needs, providing targeted support, or offering enrichment. It allows you to connect with students one-on-one, building rapport and tailoring your approach.

*   **Mini-Lectures/Explanations:**
    *   **When:** Re-teaching a concept, clarifying a misunderstanding, or introducing an advanced idea to a single student.
    *   **How:** Sit beside the student at their desk or a small table. Use manipulatives, a small whiteboard, or their own work to illustrate your points. Keep it brief, focused, and interactive. Ask open-ended questions like, ""Can you tell me in your own words?"" or ""What are you thinking here?"" to gauge their understanding.
*   **Targeted Discussions:**
    *   **When:** Deepening comprehension of a text, exploring a math problem, or addressing a social-emotional concern.
    *   **How:** Engage in a focused conversation. Use Socratic questioning to prompt critical thinking: ""What evidence makes you say that?"", ""How does this connect to what we learned yesterday?"", ""What if...?"" Listen actively to their responses and guide them towards deeper insights.
*   **Personalized Demonstrations:**
    *   **When:** Showing a student how to perform a specific skill, use a tool, or navigate a digital resource.
    *   **How:** Model the action clearly and slowly, verbalizing each step. For example, ""First, I hold the scissors like this, then I open them wide..."" Allow the student to immediately try the skill with your guidance and provide specific, positive feedback.

## 2. Group Instruction (Whole Class & Small Groups)

Teaching in groups allows for shared learning experiences, collaborative problem-solving, and efficient delivery of new content.

### A. Lectures (Mini-Lessons)

*   **Whole Class:**
    *   **Purpose:** Introduce new concepts, provide direct instruction, or set the stage for an activity.
    *   **How:** Keep them concise and engaging (typically 5-15 minutes, depending on age). Start with a captivating hook (a question, a prop, a short video). Use clear, simple language and incorporate abundant visuals (anchor charts, digital slides, realia). Integrate active participation strategies like ""turn-and-talks,"" ""choral responses,"" or hand signals (e.g., thumbs up/down) to frequently check for understanding. Focus on one or two key learning objectives per mini-lesson.
*   **Small Group:**
    *   **Purpose:** Provide differentiated instruction, target specific skill deficits, or offer enrichment to a subset of students.
    *   **How:** These are more interactive and tailored than whole-class lectures. For example, in a guided reading group, you might briefly introduce a new vocabulary strategy. In a math group, you could explain a specific problem-solving method. The smaller setting allows for more individual student participation, immediate feedback, and the use of manipulatives by each student.

### B. Discussions

*   **Whole Class:**
    *   **Purpose:** Foster critical thinking, encourage diverse perspectives, and build a sense of community.
    *   **How:** Establish clear norms for respectful listening and speaking (e.g., ""one voice at a time,"" ""listen to understand""). Use ""Think-Pair-Share"" to give every student time to formulate their thoughts before sharing with the larger group. Provide sentence starters (""I agree with ___ because..."", ""I wonder if..."", ""My idea is..."") to support participation. Facilitate by asking open-ended questions and encouraging students to respond to each other, rather than just to you.
*   **Small Group:**
    *   **Purpose:** Promote deeper collaboration, problem-solving, and peer teaching.
    *   **How:** Provide clear discussion prompts or questions. For older elementary students, assign roles (e.g., facilitator, note-taker, reporter). Circulate among groups, listening in, and interjecting only to guide, clarify, or redirect. Encourage active listening and respectful disagreement. This setting allows for more students to share their ideas and practice their communication skills.

### C. Demonstrations

*   **Whole Class:**
    *   **Purpose:** Model new procedures, skills, or concepts in a visual and concrete way.
    *   **How:** Break down complex tasks into manageable steps. Verbalize your thinking process as you demonstrate (""First, I need to gather my materials. Then, I'll carefully measure the water...""). Use large, clear visuals or a document camera so everyone can see. After the demonstration, provide immediate opportunities for guided practice (""We do"") before students try it independently (""You do"").
*   **Small Group:**
    *   **Purpose:** Provide more hands-on, close-up modeling, especially for intricate tasks or the use of specific tools.
    *   **How:** Students can gather closely around you. This is ideal for demonstrating how to use a microscope, a specific art technique, or a complex math manipulative. You can provide more individualized feedback and support as students attempt the demonstrated skill immediately after your modeling.

**Key Principles for All Instruction:**

*   **Clear Learning Objectives:** Always ensure students know what they are learning and why it's important.
*   **Active Engagement:** Incorporate movement, hands-on activities, and opportunities for students to talk and do.
*   **Frequent Checks for Understanding:** Don't wait until the end! Use various strategies (thumbs up/down, whiteboards, quick questions) to assess comprehension throughout the lesson.
*   **Positive Classroom Environment:** Foster a safe, respectful, and encouraging space where all students feel comfortable participating and taking risks.
*   **Differentiation:** Be prepared to adjust your methods and content to meet the diverse needs within your classroom, ensuring all students can access and succeed with the material.

</OUTPUT_TEXT>",5,0,
9cebf902,1,0.0,gemini-2.5-flash-preview-05-20,TEXT,gemini/gemini-2.5-flash-preview-05-20/9cebf902_v1_t0_0.json,strict,strict,"[{""role"": ""system"", ""content"": ""You are an expert Paralegal And Legal Assistant. <REASONING>You may think internally; DO NOT reveal your reasoning.</REASONING>""}, {""role"": ""user"", ""content"": ""<<FORMAT>> Wrap your final answer exactly once inside <OUTPUT_TEXT> … </OUTPUT_TEXT> . Do not output anything outside these tags. <</FORMAT>>\n\nYou are a senior Paralegal And Legal Assistant preparing a client-ready memo.\n\nTASK – Gather and analyze research data, such as statutes, decisions, and legal articles, codes, and documents.\n\nRespond inside <OUTPUT_TEXT>…</OUTPUT_TEXT>.""}]","<OUTPUT_TEXT>
**MEMORANDUM**

**TO:** Senior Attorney
**FROM:** Senior Paralegal
**DATE:** October 26, 2023
**SUBJECT:** Summary of Elements for a Breach of Contract Claim

**I. PURPOSE**

This memo summarizes the essential elements required to establish a claim for breach of contract, as generally recognized under common law principles and often codified in state statutes. This analysis is based on a review of foundational contract law principles, relevant statutory provisions (where applicable, such as the Uniform Commercial Code for certain contracts), and prevailing case law.

**II. DISCUSSION AND ANALYSIS OF RESEARCH DATA**

To successfully assert a claim for breach of contract, a plaintiff typically must demonstrate the following four elements:

1.  **Existence of a Valid and Enforceable Contract:**
    *   **Research Data & Analysis:** Our research indicates that a legally binding agreement must have existed between the parties. This element requires proof of offer, acceptance, consideration (a bargained-for exchange), mutual assent (a ""meeting of the minds""), and often, legal capacity of the parties and a lawful purpose. Courts consistently scrutinize the formation process. For instance, the Statute of Frauds, codified in many jurisdictions, may require certain types of contracts (e.g., for the sale of real estate, contracts not performable within one year) to be in writing to be enforceable. The absence of any of these foundational components can render a contract void or voidable.

2.  **Plaintiff's Performance or Justifiable Excuse for Non-Performance:**
    *   **Research Data & Analysis:** The plaintiff must demonstrate that they have performed their obligations under the contract, or that their performance was excused. Case law consistently emphasizes that a party seeking to enforce a contract must show they have upheld their end of the bargain. Common law principles and judicial decisions recognize various excuses for non-performance, such as the defendant's prior material breach, impossibility of performance, or frustration of purpose. If the plaintiff failed to perform, they must present a legally recognized justification for that failure, which often involves analyzing the specific terms of the contract and the circumstances surrounding the non-performance.

3.  **Defendant's Breach of a Material Term:**
    *   **Research Data & Analysis:** This element requires proof that the defendant failed to perform a material obligation as required by the contract. A ""material"" breach is one that goes to the essence of the contract, substantially defeating the purpose of the agreement. Our review of judicial decisions shows that courts consider factors such as the extent to which the injured party will be deprived of the benefit reasonably expected, the extent to which the injured party can be adequately compensated for the part of that benefit of which they will be deprived, and the likelihood that the party failing to perform will cure their failure. Distinguishing between a material and a minor breach is critical, as a minor breach may only entitle the non-breaching party to damages, whereas a material breach may excuse the non-breaching party's performance and allow for termination of the contract.

4.  **Resulting Damages to the Plaintiff:**
    *   **Research Data & Analysis:** The plaintiff must demonstrate that they suffered actual damages as a direct and foreseeable result of the defendant's breach. Damages are typically intended to put the non-breaching party in the position they would have been in had the contract been performed. Common types of damages include compensatory damages (direct and consequential), reliance damages, and sometimes specific performance or injunctive relief where monetary damages are inadequate. Our analysis of case law indicates that damages must be proven with reasonable certainty and must have been a foreseeable consequence of the breach at the time the contract was made. Punitive damages are generally not awarded in contract cases unless the breach also involves an independent tort.

**III. CONCLUSION**

Establishing a successful breach of contract claim requires meticulous attention to each of these four elements. Each element necessitates specific factual proof and legal analysis, drawing upon contract formation principles, performance obligations, the nature of the breach, and the quantifiable impact on the non-breaching party.

**IV. DISCLAIMER**

This memo provides a general overview of breach of contract elements and is intended for informational purposes only. It does not constitute legal advice and should not be relied upon as such. Specific legal advice should be sought for any particular matter.
</OUTPUT_TEXT>",5,0,
85a846ff,0,0.5,gemini-2.5-flash-preview-05-20,GUI,gemini/gemini-2.5-flash-preview-05-20/85a846ff_v0_t0_5.json,strict,strict,"[{""role"": ""system"", ""content"": ""You are an RPA bot for Medical Secretary And Administrative Assistant. <REASONING>You may think internally; DO NOT reveal your reasoning.</REASONING>""}, {""role"": ""user"", ""content"": ""<<FORMAT>> Wrap your final answer exactly once inside <OUTPUT_JSON> … </OUTPUT_JSON> . Do not output anything outside these tags. <</FORMAT>>\n\nTASK – Maintain medical records, technical library, or correspondence files.\nREQUIRED_SELECTORS = [\""input[name*=account i]\"", \""input[name*=amount i], input[type=number]\"", \""textarea[name*=memo i]\"", \""button:has-text(\\\""post\\\"" i), button:has-text(\\\""save\\\"" i)\""]\n\nReturn a JSON array wrapped in <OUTPUT_JSON>…</OUTPUT_JSON>.\nEach action: {'action':'click|type|select|wait','selector':'CSS','text':''}""}]","<OUTPUT_JSON>
[
  {
    ""action"": ""type"",
    ""selector"": ""input[name*=account i]"",
    ""text"": ""PAT-2023-001""
  },
  {
    ""action"": ""type"",
    ""selector"": ""textarea[name*=memo i]"",
    ""text"": ""Patient reported feeling much better after medication adjustment. Scheduled follow-up for 2 weeks. Correspondence sent to specialist.""
  },
  {
    ""action"": ""type"",
    ""selector"": ""input[name*=amount i], input[type=number]"",
    ""text"": ""1""
  },
  {
    ""action"": ""click"",
    ""selector"": ""button:has-text(\""post\"" i), button:has-text(\""save\"" i)"",
    ""text"": """"
  }
]
</OUTPUT_JSON>",4,0,
